City_ID,City,Country,Lat,Lng,Max Temp,Humidity,Cloudiness,Wind Speed,Current Description
0,Port Alfred,ZA,-33.5906,26.891,55.18,84,6,1.99,clear sky
1,Cape Town,ZA,-33.9258,18.4232,63.37,83,41,1.86,scattered clouds
2,Abha,SA,18.2164,42.5053,70.05,49,0,0.0,clear sky
3,Pangnirtung,CA,66.1451,-65.7125,36.66,97,100,2.3,overcast clouds
4,Punta Arenas,CL,-53.15,-70.9167,37.51,75,20,8.05,few clouds
5,Mugumu,TZ,-1.85,34.7,63.12,73,83,4.85,broken clouds
6,Hofn,IS,64.2539,-15.2082,49.26,82,8,8.14,clear sky
7,East London,ZA,-33.0153,27.9116,59.05,38,2,7.45,clear sky
8,Castro,BR,-24.7911,-50.0119,59.85,99,100,2.53,overcast clouds
9,Albany,US,42.6001,-73.9662,67.03,86,100,8.43,overcast clouds
10,Kiunga,PG,-6.1219,141.2906,71.31,100,46,1.81,scattered clouds
11,Tiksi,RU,71.6872,128.8694,32.25,89,100,2.15,overcast clouds
12,Jamestown,US,42.097,-79.2353,82.53,38,75,14.97,broken clouds
13,Kavaratti,IN,10.5669,72.642,82.81,76,100,17.49,overcast clouds
14,Henties Bay,NA,-22.116,14.2845,61.12,55,0,2.68,clear sky
15,Rikitea,PF,-23.1203,-134.9692,76.82,82,82,24.54,broken clouds
16,Yuzhnyy,RU,53.2542,83.6936,50.38,93,75,11.18,light intensity shower rain
17,Kawalu,ID,-7.3817,108.2082,71.58,98,28,1.63,scattered clouds
18,Ribeira Grande,PT,38.5167,-28.7,64.8,82,20,11.5,few clouds
19,Mataura,NZ,-46.1927,168.8643,52.48,87,100,4.59,light rain
20,Hualmay,PE,-11.0964,-77.6139,68.5,67,69,13.2,broken clouds
21,Kungurtug,RU,50.5994,97.5228,50.7,94,100,2.44,overcast clouds
22,Kapaa,US,22.0752,-159.319,80.58,96,100,11.5,light rain
23,Dunedin,NZ,-45.8742,170.5036,54.81,57,51,1.99,broken clouds
24,Iqaluit,CA,63.7506,-68.5145,32.99,93,99,3.33,overcast clouds
25,Carnarvon,AU,-24.8667,113.6333,62.89,55,0,11.5,clear sky
26,Asbestovskiy,RU,57.7557,61.3967,52.36,78,15,5.3,few clouds
27,Te Anau,NZ,-45.4167,167.7167,50.11,91,100,3.0,moderate rain
28,Roald,NO,62.5833,6.1333,54.75,100,100,3.44,light intensity drizzle
29,Wajir,KE,1.7471,40.0573,81.48,53,89,20.18,overcast clouds
30,Marsa Matruh,EG,31.3525,27.2453,71.98,78,0,11.27,clear sky
31,Atuona,PF,-9.8,-139.0333,77.92,79,26,11.48,scattered clouds
32,Bethel,US,41.3712,-73.414,69.64,72,100,8.05,overcast clouds
33,Tarakan,ID,3.3,117.6333,80.19,79,45,5.93,scattered clouds
34,Port Elizabeth,ZA,-33.918,25.5701,58.32,81,86,4.0,overcast clouds
35,Matay,EG,28.419,30.7792,81.41,26,0,11.16,clear sky
36,Busselton,AU,-33.65,115.3333,56.79,86,30,11.59,light rain
37,Alexandria,EG,31.2156,29.9553,73.56,76,0,11.52,clear sky
38,Alice Springs,AU,-23.7,133.8833,54.95,100,100,6.91,overcast clouds
39,Ushuaia,AR,-54.8,-68.3,35.26,87,40,6.91,scattered clouds
40,Sakakah,SA,29.9697,40.2064,92.77,9,5,15.21,clear sky
41,Chumikan,RU,54.7183,135.315,33.01,99,100,12.19,snow
42,Pacific Grove,US,36.6177,-121.9166,81.25,76,0,11.99,clear sky
43,Fairbanks,US,64.8378,-147.7164,74.08,39,75,1.01,broken clouds
44,Avarua,CK,-21.2078,-159.775,75.25,60,40,13.8,scattered clouds
45,Bredasdorp,ZA,-34.5322,20.0403,54.61,91,100,4.56,overcast clouds
46,Tarut,SA,26.5733,50.0369,86.2,31,0,4.76,clear sky
47,Hilo,US,19.7297,-155.09,88.29,77,40,10.36,scattered clouds
48,Qaanaaq,GL,77.484,-69.3632,28.63,64,84,6.17,broken clouds
49,Verkhnevilyuysk,RU,63.4453,120.3167,45.54,97,38,1.39,scattered clouds
50,Ponta Do Sol,PT,32.6667,-17.1,70.43,76,21,10.16,few clouds
51,Kaitangata,NZ,-46.2817,169.8464,49.28,84,89,5.35,moderate rain
52,Touba,CI,8.2833,-7.6833,78.57,67,75,4.7,broken clouds
53,Hermanus,ZA,-34.4187,19.2345,58.24,85,100,3.76,overcast clouds
54,Namibe,AO,-15.1961,12.1522,74.59,58,2,4.72,clear sky
55,Areosa,PT,41.7178,-8.8571,61.09,88,10,9.19,clear sky
56,New Norfolk,AU,-42.7826,147.0587,38.7,84,25,1.92,scattered clouds
57,College,US,64.8569,-147.8028,74.08,40,75,0.0,broken clouds
58,Howard Springs,AU,-12.497,131.047,76.91,84,51,6.87,broken clouds
59,Cayenne,GF,4.9333,-52.3333,84.24,1,100,6.91,overcast clouds
60,George,ZA,-33.963,22.4617,55.87,61,100,4.72,overcast clouds
61,Muyezerskiy,RU,63.9333,31.65,53.19,67,15,0.6,few clouds
62,Athabasca,CA,54.7169,-113.2854,63.79,37,28,4.74,scattered clouds
63,Casambalangan,PH,18.3765,122.1274,80.04,85,71,4.32,broken clouds
64,Hobart,AU,-42.8794,147.3294,39.06,89,18,8.05,few clouds
65,Butaritari,KI,3.0707,172.7902,80.47,79,100,10.6,moderate rain
66,Zhigansk,RU,66.7697,123.3711,41.02,78,100,7.18,overcast clouds
67,Jaisalmer,IN,26.9147,70.9181,90.23,34,2,20.22,clear sky
68,Chokurdakh,RU,70.6333,147.9167,35.91,87,100,11.14,light rain
69,Cidreira,BR,-30.1811,-50.2056,53.4,82,100,5.01,overcast clouds
70,Da Nang,VN,16.0678,108.2208,80.58,83,20,3.44,few clouds
71,Eau Claire,US,44.8114,-91.4985,70.92,42,0,12.66,clear sky
72,Hithadhoo,MV,-0.6,73.0833,82.24,75,87,10.31,overcast clouds
73,Saskylakh,RU,71.9167,114.0833,32.36,90,100,12.66,overcast clouds
74,Houma,US,29.5958,-90.7195,91.99,72,75,10.36,light rain
75,Evensk,RU,61.95,159.2333,43.48,67,12,2.28,few clouds
76,Geraldton,AU,-28.7667,114.6,46.81,87,47,6.91,scattered clouds
77,Ambilobe,MG,-13.2,49.05,72.09,73,85,2.06,overcast clouds
78,San Patricio,US,28.017,-97.5169,93.92,48,16,16.69,few clouds
79,San Quintin,MX,30.4833,-115.95,67.96,62,0,12.28,clear sky
80,Marawi,PH,7.9986,124.2928,69.96,94,52,3.33,broken clouds
81,Saurimo,AO,-9.6608,20.3916,61.92,43,0,5.64,clear sky
82,Longyearbyen,SJ,78.2186,15.6401,42.64,87,0,5.75,clear sky
83,Khatanga,RU,71.9667,102.5,36.84,94,81,6.06,broken clouds
84,Bluff,NZ,-46.6,168.3333,52.81,90,100,17.83,moderate rain
85,Zaymishche,RU,52.7264,32.2334,60.64,94,79,6.82,broken clouds
86,Tuatapere,NZ,-46.1333,167.6833,52.18,95,100,6.17,light rain
87,Taoudenni,ML,22.6783,-3.9836,99.91,8,0,10.54,clear sky
88,Shambu,ET,9.5667,37.1,57.43,66,93,3.31,overcast clouds
89,Williamsburg,US,37.2707,-76.7075,96.85,52,0,3.44,clear sky
90,Oktyabrskiy,RU,54.4815,53.471,55.4,76,0,2.84,clear sky
91,Sabha,LY,27.0377,14.4283,88.27,13,0,12.28,clear sky
92,Coxim,BR,-18.5067,-54.76,91.24,32,8,9.13,clear sky
93,Kiama,AU,-34.6833,150.8667,47.37,75,8,5.01,clear sky
94,Flinders,AU,-34.5833,150.8552,47.17,73,7,4.0,clear sky
95,Wildwood,US,38.5828,-90.6629,80.42,74,40,0.0,scattered clouds
96,Ahipara,NZ,-35.1667,173.1667,62.24,87,3,19.39,clear sky
97,Victoria,HK,22.2855,114.1577,82.45,87,96,7.0,overcast clouds
98,Mount Isa,AU,-20.7333,139.5,62.37,59,100,8.05,overcast clouds
99,Pangkalanbuun,ID,-2.6833,111.6167,73.76,98,10,1.9,clear sky
100,Sur,OM,22.5667,59.5289,83.5,67,2,17.05,clear sky
101,Margate,GB,51.3813,1.3862,57.31,67,1,1.01,clear sky
102,Tasiilaq,GL,65.6145,-37.6368,35.76,100,100,2.93,light rain
103,Kuraymah,SD,18.55,31.85,95.14,9,4,17.81,clear sky
104,Shache,CN,38.4167,77.2406,70.9,16,100,12.37,overcast clouds
105,Bambous Virieux,MU,-20.3428,57.7575,73.22,72,61,11.79,light rain
106,Waingapu,ID,-9.6567,120.2641,77.4,84,100,2.93,overcast clouds
107,Cherskiy,RU,68.75,161.3,59.68,46,100,12.86,overcast clouds
108,Torbay,CA,47.6666,-52.7314,42.76,96,100,14.0,light intensity drizzle
109,Dingle,PH,10.9995,122.6711,77.25,86,66,3.44,broken clouds
110,Vila Franca Do Campo,PT,37.7167,-25.4333,66.2,84,30,10.56,scattered clouds
111,Asfi,MA,32.2994,-9.2372,68.31,77,16,6.6,few clouds
112,Casa Nova,BR,-9.4167,-41.1333,83.39,47,3,16.6,clear sky
113,Mahebourg,MU,-20.4081,57.7,73.26,72,42,11.16,scattered clouds
114,Vanimo,PG,-2.6741,141.3028,75.85,90,12,6.8,few clouds
115,Kozhva,RU,65.1073,57.0459,48.51,46,84,5.1,broken clouds
116,Kruglolesskoye,RU,44.6589,42.8142,64.6,60,57,2.04,broken clouds
117,Rabo De Peixe,PT,37.8,-25.5833,65.28,86,20,11.5,few clouds
118,Norman Wells,CA,65.282,-126.8329,66.9,41,77,5.86,broken clouds
119,Madinat Sittah Uktubar,EG,29.8167,31.05,78.4,46,0,13.02,clear sky
120,Tessalit,ML,20.1986,1.0114,98.67,13,100,2.19,overcast clouds
121,Bengkulu,ID,-3.8004,102.2655,75.47,90,23,2.82,few clouds
122,Lompoc,US,34.6391,-120.4579,91.78,56,0,12.66,clear sky
123,Sao Felix Do Xingu,BR,-6.6447,-51.995,86.45,60,16,5.39,few clouds
124,Dikson,RU,73.5069,80.5464,28.9,95,100,25.05,light snow
125,Clyde River,CA,70.4692,-68.5914,34.25,96,100,3.33,overcast clouds
126,Ketchikan,US,55.3422,-131.6461,59.47,72,0,4.61,clear sky
127,Lerida,ES,41.6167,0.6167,77.68,62,0,5.75,clear sky
128,Vaini,TO,-21.2,-175.2,77.16,78,40,6.91,scattered clouds
129,Puerto Ayora,EC,-0.7393,-90.3518,76.96,83,80,9.86,broken clouds
130,Thompson,CA,55.7435,-97.8558,35.76,93,100,11.5,mist
131,Muskogee,US,35.5834,-95.3336,87.15,65,75,13.8,broken clouds
132,Nikolskoye,RU,59.7035,30.7861,58.89,70,100,5.37,overcast clouds
133,Port Blair,IN,11.6667,92.75,81.57,82,100,12.41,overcast clouds
134,Kirakira,SB,-10.4544,161.9205,77.52,82,100,3.51,overcast clouds
135,Ust-Tsilma,RU,65.441,52.1498,52.02,53,29,4.27,scattered clouds
136,Kamuli,UG,0.9472,33.1197,63.45,94,61,3.53,broken clouds
137,Kununurra,AU,-15.7667,128.7333,75.18,94,95,3.44,overcast clouds
138,Phalaborwa,ZA,-23.943,31.1411,58.17,55,0,2.71,clear sky
139,Markova,UA,48.6758,24.4138,56.91,93,35,3.15,scattered clouds
140,Taltal,CL,-25.4,-70.4833,58.19,72,0,2.98,clear sky
141,Bowen,AU,-20.0167,148.2333,63.45,64,100,4.5,overcast clouds
142,Suntar,RU,62.1444,117.6319,47.26,89,74,3.24,broken clouds
143,Sorong,ID,-0.8833,131.25,78.98,86,78,4.65,broken clouds
144,Ortakoy,TR,38.7373,34.0387,71.85,66,5,6.26,clear sky
145,Lauchhammer,DE,51.5,13.8,60.33,80,20,4.45,light rain
146,Luena,AO,-11.7833,19.9167,54.34,48,0,4.83,clear sky
147,Lebu,CL,-37.6167,-73.65,48.36,57,64,3.29,broken clouds
148,Iquique,CL,-20.2208,-70.1431,66.24,68,100,3.78,overcast clouds
149,Bubaque,GW,11.2833,-15.8333,80.87,77,0,3.18,clear sky
150,Saiha,IN,22.4833,92.9667,71.82,98,100,1.77,overcast clouds
151,Esperance,AU,-33.8667,121.9,53.38,68,95,12.73,overcast clouds
152,Provideniya,RU,64.3833,-173.3,47.19,66,17,4.94,few clouds
153,Sidney,AU,-33.8679,151.2073,50.72,73,0,16.11,clear sky
154,Magaria,NE,12.9983,8.9099,89.98,17,0,4.72,clear sky
155,Eirunepe,BR,-6.6603,-69.8736,76.15,90,100,2.44,overcast clouds
156,Hay River,CA,60.8156,-115.7999,59.02,42,91,7.27,overcast clouds
157,Sao Joao Da Barra,BR,-21.6403,-41.0511,78.89,86,6,10.11,clear sky
158,Berlevag,NO,70.8578,29.0864,48.0,81,0,18.41,clear sky
159,Beringovskiy,RU,63.05,179.3167,38.93,84,21,2.19,few clouds
160,Valle Hermoso,MX,25.6667,-97.8333,89.49,49,72,15.26,broken clouds
161,Palmer,US,42.1584,-72.3287,64.51,68,100,1.01,overcast clouds
162,Sao Filipe,CV,14.8961,-24.4956,76.1,71,99,9.24,overcast clouds
163,Emet,TR,39.343,29.2585,59.86,85,100,3.51,light rain
164,Calama,CL,-22.4667,-68.9333,59.49,10,20,27.63,few clouds
165,Dhidhdhoo,MV,6.8833,73.1,81.75,79,100,21.21,overcast clouds
166,Vasvar,HU,47.0493,16.7995,70.61,70,4,7.11,clear sky
167,Goderich,CA,43.7501,-81.7165,55.9,81,98,19.24,overcast clouds
168,Saint Anthony,US,45.0205,-93.218,71.91,41,20,16.11,few clouds
169,Iskateley,RU,67.6803,53.1512,44.49,59,100,7.81,overcast clouds
170,Baloda Bazar,IN,21.6667,82.1667,92.66,22,100,2.48,overcast clouds
171,Hervey Bay,AU,-25.2986,152.8535,57.02,70,70,1.01,broken clouds
172,Los Llanos De Aridane,ES,28.6585,-17.9182,67.75,90,40,8.05,scattered clouds
173,Shihezi,CN,44.3,86.0333,65.66,42,47,6.29,scattered clouds
174,Kaka,TM,37.3482,59.6143,81.91,17,0,6.35,clear sky
175,Metlaltoyuca,MX,20.7333,-97.85,89.33,32,43,11.79,scattered clouds
176,Altay,CN,47.8667,88.1167,50.41,90,42,2.84,scattered clouds
177,Terrace,CA,54.5163,-128.6035,75.54,36,96,2.04,overcast clouds
178,Pemberton,CA,50.3164,-122.8027,71.44,49,97,1.1,overcast clouds
179,Chincha Alta,PE,-13.4099,-76.1323,70.39,61,17,8.32,few clouds
180,Kucevo,RS,44.4775,21.67,65.91,74,3,2.89,clear sky
181,Yellowknife,CA,62.456,-114.3525,54.37,48,100,10.85,overcast clouds
182,Kieta,PG,-6.2167,155.6333,77.05,78,98,2.53,overcast clouds
183,Byron Bay,AU,-28.65,153.6167,49.82,67,67,8.79,broken clouds
184,Praia,CV,14.9215,-23.5087,77.54,65,20,25.32,few clouds
185,Katsuura,JP,35.1333,140.3,67.53,82,72,6.85,broken clouds
186,Padang,ID,-0.9492,100.3543,75.79,90,88,3.69,moderate rain
187,Arraial Do Cabo,BR,-22.9661,-42.0278,75.06,88,0,6.91,clear sky
188,Tilichiki,RU,60.4667,166.1,44.62,64,0,1.59,clear sky
189,Anadyr,RU,64.75,177.4833,41.49,86,22,10.18,few clouds
190,Abu Dhabi,AE,24.4667,54.3667,91.51,59,0,2.3,clear sky
191,Ouallam,NE,14.3188,2.0866,95.47,16,1,5.39,clear sky
192,Cockburn Town,TC,21.4612,-71.1419,80.19,77,100,13.65,overcast clouds
193,Tupik,RU,54.4253,119.9327,39.6,90,6,1.14,clear sky
194,Souillac,MU,-20.5167,57.5167,71.85,70,3,8.05,clear sky
195,Comodoro Rivadavia,AR,-45.8667,-67.5,46.26,61,20,11.5,few clouds
196,Mar Del Plata,AR,-38.0023,-57.5575,49.08,91,75,11.5,broken clouds
197,Ocos,GT,14.5094,-92.1933,86.18,67,100,13.85,overcast clouds
198,Isangel,VU,-19.55,169.2667,77.77,86,3,3.49,clear sky
199,Tautira,PF,-17.7333,-149.15,78.64,73,100,10.38,light rain
200,Tuktoyaktuk,CA,69.4541,-133.0374,42.57,68,100,10.85,overcast clouds
201,Fortuna,US,40.5982,-124.1573,66.92,79,0,12.66,clear sky
202,Waddan,LY,29.1614,16.139,88.39,15,0,11.68,clear sky
203,Stary Sacz,PL,49.5636,20.635,60.89,77,93,4.25,overcast clouds
204,Barrow,US,71.2906,-156.7887,32.02,80,100,13.8,overcast clouds
205,Georgetown,MY,5.4112,100.3354,78.73,94,40,5.75,scattered clouds
206,Furstenwalde,DE,52.3667,14.0667,59.09,86,89,6.6,overcast clouds
207,Mareeba,AU,-17.0,145.4333,63.32,95,55,2.39,broken clouds
208,Akure,NG,7.2526,5.1931,73.58,92,39,4.23,scattered clouds
209,Stratford-Upon-Avon,GB,52.1917,-1.7073,57.81,77,76,3.53,broken clouds
210,Ilulissat,GL,69.2167,-51.1,35.62,75,40,8.05,scattered clouds
211,Diego De Almagro,CL,-26.3667,-70.05,57.96,42,89,7.0,overcast clouds
212,Omagari,JP,39.45,140.4833,54.39,84,73,2.57,broken clouds
213,Sechura,PE,-5.5569,-80.8222,74.34,58,98,17.67,overcast clouds
214,Bilibino,RU,68.0546,166.4372,56.62,42,100,5.95,overcast clouds
215,Camalu,MX,30.85,-116.0667,69.94,59,0,10.76,clear sky
216,Pingliang,CN,35.5392,106.6861,62.73,47,90,1.19,overcast clouds
217,Cao Bang,VN,22.6667,106.25,76.24,98,100,3.27,overcast clouds
218,Kysyl-Syr,RU,63.8986,122.7617,48.13,99,100,3.74,overcast clouds
219,Colombo,LK,6.9319,79.8478,80.08,84,70,14.52,broken clouds
220,Saint George,US,37.1041,-113.5841,87.8,13,0,9.22,clear sky
221,Takoradi,GH,4.8845,-1.7554,79.54,83,100,7.76,overcast clouds
222,Acari,PE,-15.4311,-74.6158,72.37,55,40,8.79,scattered clouds
223,Tongren,CN,27.7172,109.1853,73.78,98,74,2.35,broken clouds
224,Narsaq,GL,60.9167,-46.05,53.82,61,100,5.01,overcast clouds
225,Lahij,YE,13.1667,44.5833,87.82,38,18,4.74,few clouds
226,Coihaique,CL,-45.5752,-72.0662,43.41,93,0,0.0,clear sky
227,Istok,XK,42.7808,20.4875,64.83,75,10,5.06,clear sky
228,Yar-Sale,RU,66.8333,70.8333,32.65,66,74,18.84,broken clouds
229,Nalobikha,RU,53.2006,84.6039,48.85,93,100,16.22,light rain
230,Upernavik,GL,72.7868,-56.1549,27.88,70,3,6.29,clear sky
231,Sitka,US,57.0531,-135.33,57.09,72,40,9.22,scattered clouds
232,Talnakh,RU,69.4865,88.3972,29.21,93,100,7.7,light snow
233,Airai,TL,-8.9266,125.4092,58.21,89,32,1.97,scattered clouds
234,Haines Junction,CA,60.7522,-137.5108,71.62,21,8,3.44,clear sky
235,Bunol,ES,39.4167,-0.7833,70.02,68,9,1.68,clear sky
236,Lima,PE,-12.0432,-77.0282,69.39,80,0,13.8,clear sky
237,Litovko,RU,49.2361,135.1742,44.98,93,99,8.05,overcast clouds
238,Hefei,CN,31.8639,117.2808,68.02,94,0,4.47,clear sky
239,Tehri,IN,30.3833,78.4833,75.06,26,0,5.88,clear sky
240,Qeshm,IR,26.9581,56.2719,84.07,74,0,8.52,clear sky
241,Kousseri,CM,12.0769,15.0306,95.68,20,0,4.41,clear sky
242,Myre,NO,69.1036,15.9492,55.35,73,86,15.61,overcast clouds
243,Hearst,CA,49.6835,-83.6665,62.85,52,100,11.01,overcast clouds
244,Srivardhan,IN,18.0333,73.0167,82.04,82,88,5.75,overcast clouds
245,San Carlos De Bariloche,AR,-41.1456,-71.3082,40.75,45,0,5.75,clear sky
246,Sokoni,TZ,-6.4333,39.55,79.29,73,11,20.58,light rain
247,Marovoay,MG,-16.1,46.6333,67.12,74,6,4.27,clear sky
248,Llanes,ES,43.4198,-4.7549,62.55,90,23,3.04,few clouds
249,Ayagoz,KZ,47.9714,80.4392,51.71,62,55,1.77,broken clouds
250,Coahuayana,MX,18.7333,-103.6833,88.02,51,73,10.25,broken clouds
251,Wawa,NG,9.9022,4.4192,84.9,50,89,3.98,overcast clouds
252,Faanui,PF,-16.4833,-151.75,79.16,73,85,5.61,overcast clouds
253,Mazyr,BY,52.0495,29.2456,59.4,93,8,6.35,clear sky
254,Zhangye,CN,38.9342,100.4517,70.72,35,100,1.97,overcast clouds
255,Kruisfontein,ZA,-34.0033,24.7314,53.89,73,100,7.34,overcast clouds
256,Urumqi,CN,43.801,87.6005,61.75,68,0,8.95,clear sky
257,Vila,PT,42.0304,-8.1588,54.48,88,50,3.8,scattered clouds
258,Kazanskoye,RU,55.6448,69.235,53.13,71,100,8.39,overcast clouds
259,Visnes,NO,59.3556,5.2242,54.82,87,75,9.22,broken clouds
260,Cabo San Lucas,MX,22.8909,-109.9124,82.62,58,0,4.0,clear sky
261,Kisaran,ID,2.9845,99.6158,74.19,95,90,2.15,overcast clouds
262,Hamilton,US,39.1834,-84.5333,89.65,57,20,11.5,few clouds
263,Gat,IL,31.61,34.7642,73.4,100,0,2.17,clear sky
264,Diveyevo,RU,55.0433,43.2418,58.06,96,100,1.07,overcast clouds
265,Leshukonskoye,RU,64.8989,45.7622,56.32,54,77,4.76,broken clouds
266,Buraydah,SA,26.326,43.975,91.85,9,0,11.3,clear sky
267,Labuhan,ID,-6.8844,112.2051,77.76,81,66,4.97,broken clouds
268,Tashtagol,RU,52.7657,87.8894,47.05,98,90,4.9,light rain
269,Tshikapa,CD,-6.4167,20.8,75.42,51,23,2.33,few clouds
270,Tezu,IN,27.9167,96.1667,74.8,88,84,3.53,broken clouds
271,Asau,RO,46.4333,26.4,67.28,81,52,5.26,broken clouds
272,Caravelas,BR,-17.7125,-39.2481,75.04,80,0,5.21,clear sky
273,Hami,CN,42.8,93.45,72.7,36,100,15.73,overcast clouds
274,Chuy,UY,-33.6971,-53.4616,49.75,61,100,5.5,overcast clouds
275,Leiyang,CN,26.4024,112.8591,75.36,93,89,5.01,overcast clouds
276,Carahue,CL,-38.7,-73.1667,48.81,55,69,1.95,broken clouds
277,Saint-Philippe,RE,-21.3585,55.7679,71.19,78,79,13.91,broken clouds
278,Prince Rupert,CA,54.3161,-130.3201,61.45,71,100,5.28,overcast clouds
279,Salalah,OM,17.0151,54.0924,84.29,79,75,6.91,broken clouds
280,Huilong,CN,31.8111,121.655,73.92,98,100,8.23,overcast clouds
281,Svetlogorsk,BY,52.6333,29.7333,58.98,93,13,6.44,few clouds
282,Alta Floresta,BR,-9.8756,-56.0861,93.02,43,20,3.44,few clouds
283,Choma,ZM,-16.8065,26.9531,52.41,57,49,2.98,scattered clouds
284,Dasoguz,TM,41.8363,59.9666,73.35,46,0,4.61,clear sky
285,Linjiang,CN,41.8069,126.9078,50.47,99,56,2.86,broken clouds
286,Pevek,RU,69.7008,170.3133,44.87,63,100,15.73,overcast clouds
287,Banes,CU,20.9625,-75.7186,86.49,60,100,5.35,overcast clouds
288,Baturaja,ID,-4.1333,104.1667,72.16,98,76,2.08,broken clouds
289,Namie,JP,37.4833,141.0,54.55,87,0,2.75,clear sky
290,Palmerston,AU,-12.486,130.9833,76.98,88,53,4.61,broken clouds
291,Rundu,NA,-17.9333,19.7667,51.55,21,3,7.16,clear sky
292,Novyye Burasy,RU,52.1324,46.0714,59.52,71,68,6.29,broken clouds
293,Itoman,JP,26.1247,127.6694,77.02,96,75,4.61,moderate rain
294,Hasaki,JP,35.7333,140.8333,61.29,74,27,5.28,scattered clouds
295,Show Low,US,34.2542,-110.0298,81.09,12,0,10.36,clear sky
296,Quatre Cocos,MU,-20.2078,57.7625,73.09,72,76,11.81,light rain
297,Ken Caryl,US,39.5773,-105.1169,58.66,73,97,5.99,overcast clouds
298,Severo-Kurilsk,RU,50.6789,156.125,41.11,86,14,7.0,few clouds
299,Tommot,RU,58.9564,126.2925,50.27,95,100,0.72,overcast clouds
300,Pudozh,RU,61.8099,36.5345,53.51,86,61,2.89,broken clouds
301,Aykhal,RU,66.0,111.5,49.37,51,8,6.85,clear sky
302,Mezen,RU,65.8522,44.24,51.76,70,97,5.75,overcast clouds
303,Richards Bay,ZA,-28.783,32.0377,59.67,51,3,5.73,clear sky
304,Taitung,TW,22.7583,121.1444,80.91,69,100,5.55,overcast clouds
305,Edeia,BR,-17.3383,-49.9314,86.94,21,64,1.99,broken clouds
306,Eureka,US,40.8021,-124.1637,80.74,77,100,4.0,overcast clouds
307,Nanortalik,GL,60.1432,-45.2371,39.67,79,100,2.93,overcast clouds
308,Aasiaat,GL,68.7098,-52.8699,33.4,81,22,9.15,few clouds
309,Mahajanga,MG,-15.7167,46.3167,71.62,88,0,1.14,clear sky
310,Hanstholm,DK,57.1167,8.6167,51.62,85,68,16.53,broken clouds
311,Naze,JP,28.3667,129.4833,68.92,90,99,6.78,overcast clouds
312,Paola,IT,39.3599,16.0396,78.12,62,0,3.04,clear sky
313,Tigil,RU,57.8,158.6667,45.97,65,2,0.81,clear sky
314,Martinsville,US,36.6915,-79.8725,91.44,52,0,4.61,clear sky
315,Iracoubo,GF,5.4802,-53.2011,79.92,85,100,4.12,overcast clouds
316,Corning,US,42.1428,-77.0547,85.5,75,75,8.05,broken clouds
317,Ulundi,ZA,-28.3352,31.4162,51.39,52,0,3.11,clear sky
318,Bathsheba,BB,13.2167,-59.5167,83.01,74,20,14.97,few clouds
319,Teguldet,RU,57.3064,88.1667,48.81,99,99,5.1,overcast clouds
320,Jumla,NP,29.2747,82.1838,54.75,77,5,3.33,clear sky
321,Camana,PE,-16.6228,-72.7111,66.22,75,18,11.7,few clouds
322,Japura,ID,-0.3167,102.35,74.57,95,56,1.34,broken clouds
323,Bandarbeyla,SO,9.4942,50.8122,78.89,82,100,26.89,overcast clouds
324,Cauquenes,CL,-35.9671,-72.3225,52.45,50,82,3.6,broken clouds
325,Innisfail,AU,-17.5333,146.0333,65.68,84,89,5.12,overcast clouds
326,Arman,RU,59.7,150.1667,43.02,81,100,3.09,overcast clouds
327,Camacha,PT,33.0833,-16.3333,65.62,73,20,13.8,few clouds
328,Moravska Trebova,CZ,49.7579,16.6643,61.32,82,97,4.83,light rain
329,Bayji,IQ,34.9311,43.487,93.38,10,0,2.35,clear sky
330,Kodiak,US,57.79,-152.4072,51.31,76,75,8.05,broken clouds
331,Port Macquarie,AU,-31.4333,152.9167,42.89,74,22,7.47,few clouds
332,Kholodnyy,RU,62.7167,147.95,44.85,80,100,3.4,overcast clouds
333,Grand-Lahou,CI,5.1367,-5.0242,79.5,84,99,5.86,overcast clouds
334,Opuwo,NA,-18.0607,13.84,59.32,26,61,10.87,broken clouds
335,Nyurba,RU,63.2842,118.3319,45.46,92,75,2.64,broken clouds
336,Caxito,AO,-8.5785,13.6643,69.19,97,7,1.32,clear sky
337,Kvarkeno,RU,52.0833,59.725,54.95,59,15,4.09,few clouds
338,Saint-Georges,GD,12.0564,-61.7485,83.88,70,20,14.97,few clouds
339,Severnyy-Kospashskiy,RU,59.0925,57.8008,50.5,81,10,1.66,clear sky
340,Vardo,NO,70.3705,31.1107,42.78,87,0,6.91,clear sky
341,Port Hedland,AU,-20.3167,118.5667,57.25,88,68,10.36,broken clouds
342,Villa Sandino,NI,12.0483,-84.9936,81.77,65,82,12.59,broken clouds
343,Golubitskaya,RU,45.3222,37.2822,68.41,86,2,4.0,clear sky
344,Sumbe,AO,-11.2061,13.8437,72.18,82,0,6.06,clear sky
345,Camocim,BR,-2.9022,-40.8411,79.02,86,99,12.48,overcast clouds
346,Mangalia,RO,43.8,28.5833,68.43,79,30,2.13,scattered clouds
347,Inhambane,MZ,-23.865,35.3833,64.6,81,34,8.21,scattered clouds
348,Poum,NC,-20.2333,164.0167,76.35,77,71,14.58,broken clouds
349,Usakos,NA,-22.0,15.6,61.83,10,0,9.22,clear sky
350,Oudtshoorn,ZA,-33.5907,22.2014,50.36,35,94,1.36,overcast clouds
351,Outjo,NA,-20.1167,16.15,51.8,11,0,10.49,clear sky
352,Flin Flon,CA,54.7682,-101.865,40.84,87,100,14.97,overcast clouds
353,Kavieng,PG,-2.5744,150.7967,79.75,68,41,3.13,scattered clouds
354,Port Hardy,CA,50.6996,-127.4199,51.98,100,100,2.3,light rain
355,Yamada,JP,39.4667,141.95,53.53,91,28,4.07,scattered clouds
356,Radishchevo,RU,52.85,47.8833,60.64,73,99,4.14,overcast clouds
357,Bonanza,NI,14.0289,-84.591,85.68,63,100,4.14,overcast clouds
358,Castiglione Del Lago,IT,43.1271,12.0453,72.55,67,0,3.42,clear sky
359,Oranjemund,NA,-28.55,16.4333,57.2,55,0,5.61,clear sky
360,Harstad,NO,68.799,16.5293,56.59,88,83,20.0,broken clouds
361,Saldanha,ZA,-33.0117,17.9442,51.85,83,0,8.01,clear sky
362,Portland,US,45.5234,-122.6762,74.91,61,100,5.99,overcast clouds
363,Krasnogvardeyets,RU,52.6804,52.3635,57.29,69,0,3.53,clear sky
364,Klaksvik,FO,62.2266,-6.589,47.32,86,53,11.7,broken clouds
365,Chanute,US,37.6792,-95.4572,67.68,94,100,9.22,light rain
366,Qaqortoq,GL,60.7167,-46.0333,42.46,72,100,4.79,overcast clouds
367,Porto Walter,BR,-8.2686,-72.7439,77.94,93,100,3.42,overcast clouds
368,Nome,US,64.5011,-165.4064,56.16,75,0,18.41,clear sky
369,Kaeo,NZ,-35.1,173.7833,62.13,91,29,16.51,scattered clouds
370,Timizart,DZ,36.8,4.2667,73.78,65,43,3.09,scattered clouds
371,Tecoanapa,MX,16.5167,-98.75,82.51,69,92,11.59,overcast clouds
372,Etampes,FR,48.4333,2.15,64.33,68,72,8.32,broken clouds
373,Lasa,IT,46.6166,10.7002,59.88,94,64,4.07,broken clouds
374,Wieliczka,PL,49.9874,20.0647,62.35,57,59,1.01,broken clouds
375,Chupa,RU,66.27,33.0549,48.25,91,12,5.01,few clouds
376,Loikaw,MM,19.6742,97.2094,69.31,92,100,2.26,overcast clouds
377,Peniche,PT,39.3558,-9.3811,68.07,80,15,13.31,few clouds
378,Lujan,AR,-34.5703,-59.105,56.01,46,8,1.01,clear sky
379,Katherine,AU,-14.4667,132.2667,73.72,68,11,3.44,few clouds
380,Sao Miguel Do Araguaia,BR,-13.275,-50.1628,91.4,24,4,5.23,clear sky
381,Gejiu,CN,23.306,103.1635,57.54,97,93,2.93,overcast clouds
382,Mastic Beach,US,40.7668,-72.8521,65.77,76,100,11.01,overcast clouds
383,Kahului,US,20.8947,-156.47,83.97,72,40,23.02,scattered clouds
384,Guia De Isora,ES,28.2115,-16.7795,66.24,69,100,1.99,overcast clouds
385,Buka,UZ,40.8108,69.1986,72.99,33,0,2.86,clear sky
386,Ewa Beach,US,21.3156,-158.0072,84.15,61,75,14.97,broken clouds
387,Sakassou,CI,7.4546,-5.2926,76.82,84,63,5.28,broken clouds
388,Sangar,RU,63.9242,127.4739,48.92,95,100,8.68,light rain
389,Buin,CL,-33.7333,-70.75,55.74,42,59,4.52,broken clouds
390,Ati,TD,13.2154,18.3353,91.02,11,0,3.67,clear sky
391,Ixtapa,MX,20.7,-105.2,79.83,69,75,13.8,broken clouds
392,Waipawa,NZ,-41.4122,175.5153,56.37,70,13,16.11,moderate rain
393,Ranong,TH,9.9658,98.6348,77.83,92,99,9.4,overcast clouds
394,Kosino,RU,58.4127,51.2782,61.48,71,96,5.35,overcast clouds
395,Lorengau,PG,-2.0226,147.2712,79.5,76,11,4.76,few clouds
396,Biltine,TD,14.5333,20.9167,89.89,7,2,8.97,clear sky
397,Laguna,US,38.421,-121.4238,93.76,22,0,8.05,clear sky
398,Namatanai,PG,-3.6667,152.4333,77.02,80,40,3.15,scattered clouds
399,Carutapera,BR,-1.195,-46.02,80.74,81,95,6.35,overcast clouds
400,Omboue,GA,-1.5746,9.2618,75.06,88,88,4.88,overcast clouds
401,Ryotsu,JP,38.0833,138.4333,62.02,66,15,5.73,few clouds
402,Mogok,MM,22.9167,96.5,66.07,97,100,3.11,overcast clouds
403,Trinidad,BO,-14.8333,-64.9,67.98,88,100,0.0,overcast clouds
404,Rawson,AR,-43.3002,-65.1023,47.39,64,98,9.95,overcast clouds
405,Yalvac,TR,38.2956,31.1778,59.97,76,100,4.63,overcast clouds
406,Sorland,NO,67.667,12.6934,51.66,73,39,20.96,scattered clouds
407,Samana,DO,19.2056,-69.3369,86.22,74,40,6.91,scattered clouds
408,Yuanping,CN,38.7153,112.7575,64.63,31,100,0.29,overcast clouds
409,Koslan,RU,63.4564,48.8989,59.83,55,63,3.04,broken clouds
410,Praia Da Vitoria,PT,38.7333,-27.0667,65.75,88,20,13.4,few clouds
411,Bilma,NE,18.6853,12.9164,91.87,7,0,5.26,clear sky
412,Le Port,RE,-20.9373,55.2919,72.25,72,10,8.86,clear sky
413,Petropavlovsk-Kamchatskiy,RU,53.0452,158.6483,39.79,81,20,6.71,few clouds
414,Nanlong,CN,31.3533,106.0631,72.54,80,12,0.74,few clouds
415,East Millcreek,US,40.7,-111.8105,72.34,32,40,4.0,scattered clouds
416,Lodwar,KE,3.1191,35.5973,86.04,39,51,20.78,broken clouds
417,Danielskuil,ZA,-28.1887,23.5395,45.68,28,0,3.38,clear sky
418,Kotelnich,RU,58.3089,48.348,61.59,70,97,3.36,overcast clouds
419,San Carlos Del Zulia,VE,9.0,-71.9135,92.82,46,13,6.8,few clouds
420,Ust-Ishim,RU,57.6935,71.1665,42.87,64,66,6.24,broken clouds
421,Den Helder,NL,52.9599,4.7593,55.02,77,75,5.99,broken clouds
422,Bay Roberts,CA,47.5999,-53.2648,43.52,92,97,4.0,overcast clouds
423,Morehead,US,37.2711,-87.1764,89.78,43,0,6.91,clear sky
424,Kushiro,JP,42.975,144.3747,49.44,96,94,0.72,overcast clouds
425,Avera,US,33.194,-82.5271,93.54,27,0,4.16,clear sky
426,Gamba,GA,-2.65,10.0,73.08,90,0,5.5,clear sky
427,Tiznit,MA,29.5833,-9.5,69.75,58,96,5.99,overcast clouds
428,Pembroke,CA,45.8168,-77.1162,61.18,80,100,5.41,overcast clouds
429,Marystown,CA,47.1666,-55.1483,42.85,100,100,10.0,overcast clouds
430,Patawag,PH,8.1064,122.6208,78.28,88,98,4.79,overcast clouds
431,Gouyave,GD,12.1646,-61.7296,83.17,70,20,14.97,few clouds
432,Bonavista,CA,48.6499,-53.1147,40.5,98,98,18.1,overcast clouds
433,Riyadh,SA,24.6877,46.7219,86.14,9,0,4.94,clear sky
434,Kosh-Agach,RU,50.0,88.6667,45.27,48,0,11.97,clear sky
435,Sobolevo,RU,54.4299,31.8996,57.65,95,16,7.07,few clouds
436,San Ramon,US,37.7799,-121.978,91.81,32,0,8.01,clear sky
437,Grootfontein,NA,-19.5667,18.1167,48.88,13,0,8.14,clear sky
438,Yumen,CN,40.2833,97.2,69.78,35,100,7.72,overcast clouds
439,Fort-Shevchenko,KZ,44.5086,50.263,75.69,48,10,18.41,clear sky
440,Palmas,BR,-10.2128,-48.3603,89.47,55,20,5.75,few clouds
441,Asyut,EG,27.181,31.1837,84.38,24,0,8.28,clear sky
442,Hobyo,SO,5.3505,48.5268,78.26,83,93,27.29,overcast clouds
443,Aqtobe,KZ,50.2797,57.2072,55.49,76,0,6.71,clear sky
444,Otavi,NA,-19.65,17.3333,51.35,12,0,11.21,clear sky
445,Zlocieniec,PL,53.5329,16.0113,50.9,80,98,4.5,overcast clouds
446,Dzhebariki-Khaya,RU,62.2167,135.8,50.94,68,92,2.68,overcast clouds
447,Macherla,IN,16.4833,79.4333,91.96,39,100,6.82,overcast clouds
448,Gigmoto,PH,13.7796,124.39,81.03,86,52,9.73,broken clouds
449,Zhezkazgan,KZ,47.8043,67.7144,57.04,40,100,8.28,overcast clouds
450,Leningradskiy,RU,69.3833,178.4167,39.36,88,100,9.01,overcast clouds
451,Luderitz,NA,-26.6481,15.1594,64.62,33,0,6.6,clear sky
452,Falmouth,GB,50.1544,-5.0711,56.3,62,13,6.91,few clouds
453,Mali,GN,12.079,-12.2982,73.4,46,12,1.68,few clouds
454,Mayo,US,38.8876,-76.5119,96.08,51,0,6.91,clear sky
455,Aldan,RU,58.6031,125.3894,46.85,92,100,1.34,light rain
456,Guaruja,BR,-23.9931,-46.2564,67.89,26,100,4.61,light intensity drizzle
457,Sulina,RO,45.1559,29.6536,68.99,76,2,0.69,clear sky
458,Baloda,IN,22.15,82.4833,89.33,17,100,5.39,overcast clouds
459,San Francisco,US,37.7749,-122.4194,92.52,59,20,16.11,few clouds
460,Altamira,BR,-3.2033,-52.2064,87.89,66,20,4.61,few clouds
461,Viedma,AR,-40.8135,-62.9967,48.65,66,94,6.15,overcast clouds
462,Waitati,NZ,-45.75,170.5667,54.81,57,82,4.88,broken clouds
463,Bend,US,44.0582,-121.3153,74.23,34,0,6.91,clear sky
464,Severnyy,RU,50.677,36.5532,69.84,78,40,6.71,thunderstorm
465,Acapulco,MX,16.8634,-99.8901,85.82,66,20,9.22,few clouds
466,Kibala,TD,9.1104,18.3463,82.35,69,0,6.91,clear sky
467,Ternate,ID,0.8,127.4,81.37,74,18,1.1,few clouds
468,Dongzhen,CN,22.3797,110.9389,76.37,93,79,2.1,broken clouds
469,Codrington,AU,-38.2667,141.9667,45.32,77,100,7.7,overcast clouds
470,Tambopata,PE,-12.7333,-69.1833,74.35,85,100,0.96,overcast clouds
471,Plettenberg Bay,ZA,-34.0527,23.3716,57.15,72,100,6.06,overcast clouds
472,Broome,US,42.2506,-75.833,78.55,79,100,8.05,overcast clouds
473,Murchison,NZ,-41.8,172.3333,51.22,99,100,3.29,moderate rain
474,Port Shepstone,ZA,-30.7414,30.455,59.52,54,0,8.66,clear sky
475,Guerrero Negro,MX,27.9769,-114.0611,71.13,54,0,15.68,clear sky
476,Touros,BR,-5.1989,-35.4608,78.15,86,58,9.04,broken clouds
477,Kihei,US,20.785,-156.4656,83.97,74,40,23.02,scattered clouds
478,Zarechnyy,RU,53.2036,45.1923,62.33,77,100,4.18,overcast clouds
479,Maryborough,AU,-25.5333,152.7,57.11,57,93,5.53,overcast clouds
480,Lagoa,PT,39.05,-27.9833,61.03,83,100,9.78,overcast clouds
481,Hammerfest,NO,70.6634,23.6821,59.45,44,0,4.61,clear sky
482,Georgiyevka,KZ,43.0369,74.7114,60.84,77,75,2.24,broken clouds
483,Santiago Del Estero,AR,-27.7951,-64.2615,62.42,31,0,6.67,clear sky
484,Ayorou,NE,14.7308,0.9174,100.71,10,17,8.77,few clouds
485,Hitoyoshi,JP,32.2167,130.75,57.2,96,99,2.24,overcast clouds
486,Bayir,TR,37.2687,28.2167,72.12,73,100,3.65,overcast clouds
487,Simao,CN,22.7886,100.9748,66.13,99,100,2.24,overcast clouds
488,Grabouw,ZA,-34.1515,19.0151,54.48,90,100,1.28,overcast clouds
489,Adrar,MR,20.5022,-10.0711,96.49,12,5,8.77,clear sky
490,Ancud,CL,-41.8697,-73.8203,46.22,69,99,2.04,overcast clouds
491,Kashin,RU,57.3592,37.6081,56.93,96,56,7.52,broken clouds
492,Gull Lake,CA,50.1001,-108.4847,62.24,32,94,14.45,overcast clouds
493,Wakkanai,JP,45.4094,141.6739,47.48,93,100,3.0,overcast clouds
494,Roma,US,43.2128,-75.4557,68.86,94,75,4.61,light rain
495,Kyra,RU,49.5776,111.9753,48.2,67,92,3.98,overcast clouds
496,Breves,BR,-1.6822,-50.4803,81.91,82,100,4.47,overcast clouds
497,San Cristobal,VE,7.7669,-72.225,87.98,42,20,9.66,few clouds
498,Ostersund,SE,63.1792,14.6357,51.62,93,40,12.66,scattered clouds
499,The Valley,AI,18.217,-63.0578,84.06,69,20,10.36,few clouds
500,Pisco,PE,-13.7,-76.2167,71.65,64,0,17.27,clear sky
501,Jijiga,ET,9.35,42.8,65.53,68,15,7.38,few clouds
502,Saint-Augustin,CA,51.226,-58.6502,40.78,84,100,25.93,overcast clouds
503,Sioux Lookout,CA,50.1001,-91.917,62.67,39,75,13.8,broken clouds
504,Sribne,UA,50.6638,32.9187,62.76,90,1,3.18,clear sky
505,Bara,NG,10.3744,10.7288,88.29,41,64,12.03,broken clouds
506,Chernyshevskiy,RU,63.0128,112.4714,47.57,75,82,2.33,broken clouds
507,Bemidji,US,47.4736,-94.8803,69.06,29,0,24.16,clear sky
508,Ekhabi,RU,53.5102,142.9671,35.98,95,100,13.38,overcast clouds
509,Boa Vista,BR,2.8197,-60.6733,87.78,58,40,10.36,light rain
510,Saint-Pierre,RE,-21.3393,55.4781,71.91,68,75,6.91,broken clouds
511,Grindavik,IS,63.8424,-22.4338,52.27,82,75,10.36,broken clouds
512,Broken Hill,AU,-31.95,141.4333,47.86,57,100,5.1,overcast clouds
513,Dhenkanal,IN,20.6667,85.6,83.46,81,99,5.99,overcast clouds
514,Luanda,AO,-8.8368,13.2343,75.2,83,40,5.75,scattered clouds
515,Barra Patuca,HN,15.8,-84.2833,80.73,83,100,7.05,overcast clouds
516,Yibin,CN,28.7667,104.6238,73.89,86,99,0.89,overcast clouds
517,Yantal,RU,56.8471,105.2542,50.59,56,98,3.83,overcast clouds
518,Harper,LR,4.375,-7.7169,78.49,84,100,6.31,overcast clouds
519,Batemans Bay,AU,-35.7167,150.1833,51.1,79,53,5.19,broken clouds
520,General Roca,AR,-39.0333,-67.5833,52.63,32,0,5.99,clear sky
521,Uddevalla,SE,58.3478,11.9424,53.96,83,54,3.74,broken clouds
522,Estreito,BR,-5.7833,-43.25,77.68,92,74,2.3,heavy intensity rain
523,Mercedes,AR,-34.6515,-59.4307,54.64,46,8,2.95,clear sky
524,Vao,NC,-22.6667,167.4833,75.29,82,96,16.44,overcast clouds
525,Togur,RU,58.3631,82.8265,43.61,87,96,12.28,overcast clouds
526,Funadhoo,MV,6.15,73.2667,82.58,78,100,20.49,overcast clouds
527,Springbok,ZA,-29.6643,17.8865,52.95,13,0,5.44,clear sky
528,Belaya Gora,RU,68.5333,146.4167,46.72,70,100,16.6,overcast clouds
529,Kolyvan,RU,55.3053,82.7391,47.82,87,100,12.3,overcast clouds
530,Spoleto,IT,42.7448,12.7374,71.98,71,2,4.79,clear sky
531,Kloulklubed,PW,7.0419,134.2556,83.61,73,28,13.69,scattered clouds
532,Shelopugino,RU,51.6514,117.5599,39.97,88,4,1.61,clear sky
533,Jiangyou,CN,31.7667,104.7167,70.95,80,7,2.93,clear sky
534,Kudahuvadhoo,MV,2.6708,72.8944,83.66,73,100,15.79,overcast clouds
535,Nieuw Nickerie,SR,5.95,-56.9833,79.61,82,61,9.13,broken clouds
536,Roblin,CA,51.23,-101.3565,55.56,53,71,24.09,broken clouds
537,My Tho,VN,10.35,106.35,77.0,94,47,3.8,scattered clouds
538,Tuy Hoa,VN,13.0833,109.3,77.83,91,56,4.68,broken clouds
539,Sturgis,US,41.7992,-85.4192,75.45,67,40,6.91,scattered clouds
540,Gboko,NG,7.3179,8.9951,80.96,67,72,6.44,light rain
541,Ocosingo,MX,17.0667,-92.25,74.21,65,100,2.91,overcast clouds
542,Havoysund,NO,70.9963,24.6622,52.03,60,0,12.82,clear sky
543,Beyneu,KZ,45.3167,55.2,78.26,23,0,14.23,clear sky
544,Bellefontaine,US,40.3612,-83.7597,86.83,71,100,8.05,light rain
545,Jackson,US,42.4165,-122.8345,77.76,39,0,5.01,clear sky
546,Atikokan,CA,48.7555,-91.6216,65.1,30,31,14.88,scattered clouds
547,Abapo,BO,-18.8333,-63.4667,54.45,69,100,4.32,overcast clouds
548,Pacifica,US,37.6138,-122.4869,88.61,66,20,16.11,few clouds
549,Itaituba,BR,-4.2761,-55.9836,87.96,66,40,5.75,scattered clouds
550,Galle,LK,6.0367,80.217,80.01,84,95,16.8,overcast clouds
551,Hokitika,NZ,-42.7167,170.9667,56.39,83,92,13.11,overcast clouds
552,Mehamn,NO,71.0357,27.8492,44.51,68,1,11.61,clear sky
553,Wanlaweyn,SO,2.6185,44.8938,76.46,79,11,16.69,few clouds
554,Massena,US,44.9281,-74.8919,65.71,77,100,4.61,heavy intensity rain
555,Forlev,DK,55.3833,11.2833,58.95,60,97,10.54,overcast clouds
556,Mandalgovi,MN,45.7625,106.2708,64.9,19,12,7.54,few clouds
557,Tartus,SY,34.889,35.8866,71.22,78,18,2.06,few clouds
558,Upata,VE,8.0086,-62.3989,86.2,49,99,4.76,overcast clouds
559,South Shields,GB,54.9986,-1.4323,54.32,77,3,2.42,clear sky
560,Takaka,NZ,-40.85,172.8,55.56,91,99,8.03,moderate rain
561,Hukuntsi,BW,-24.0,21.75,52.97,24,0,9.19,clear sky
562,Buchanan,LR,5.8808,-10.0467,79.29,84,100,7.9,overcast clouds
563,Minsk,BY,53.9,27.5667,56.95,94,8,9.78,clear sky
564,Ornskoldsvik,SE,63.2909,18.7153,47.64,97,98,5.73,light rain
565,Novo Oriente,BR,-5.5344,-40.7742,76.66,80,98,5.5,moderate rain
566,Manta,EC,-0.95,-80.7333,85.78,62,0,12.66,clear sky
567,Mount Gambier,AU,-37.8333,140.7667,45.93,76,100,4.27,overcast clouds
568,Shingu,JP,33.7333,135.9833,59.05,63,98,6.02,overcast clouds
569,Yerbogachen,RU,61.2767,108.0108,42.21,91,8,4.94,clear sky
570,High Level,CA,58.5169,-117.136,71.71,33,40,2.3,scattered clouds
571,Pemba,MZ,-12.974,40.5178,74.16,75,44,15.61,light rain
572,Natal,BR,-5.795,-35.2094,80.82,89,20,8.05,few clouds
573,Merauke,ID,-8.4667,140.3333,76.77,85,11,11.79,few clouds
574,Pimenta Bueno,BR,-11.6725,-61.1936,90.68,43,3,3.31,clear sky
575,Half Moon Bay,US,37.4636,-122.4286,90.88,62,0,16.11,clear sky
576,Vila Velha,BR,-20.3297,-40.2925,76.95,90,40,4.61,scattered clouds
577,Swan Hill,AU,-35.3378,143.5544,43.48,71,100,1.97,overcast clouds
578,Chicama,PE,-7.8447,-79.1469,63.14,65,98,11.97,overcast clouds
579,Huarmey,PE,-10.0681,-78.1522,68.49,71,57,14.05,broken clouds
580,Pitimbu,BR,-7.4706,-34.8086,81.19,84,27,9.55,scattered clouds
581,Lata,PT,40.1629,-8.3327,59.36,87,1,2.35,clear sky
582,Constitucion,CL,-35.3333,-72.4167,49.46,67,83,5.28,broken clouds
583,Goure,NE,13.9835,10.2704,89.11,11,0,8.72,clear sky
584,Marshall,US,34.3834,-86.3333,93.07,44,53,4.45,broken clouds
585,Mnogovershinnyy,RU,53.9353,139.9242,45.28,82,100,2.51,overcast clouds
586,Khani,GE,41.9563,42.9566,60.37,88,100,5.66,overcast clouds
587,Olafsvik,IS,64.8945,-23.7142,49.6,86,100,5.21,overcast clouds
588,Campo Verde,BR,-20.4167,-54.0667,82.54,50,100,6.55,overcast clouds
589,Jatiroto,ID,-7.8833,111.1167,71.76,91,23,2.1,few clouds
590,Komsomolskiy,UZ,40.4272,71.7189,68.72,49,1,4.61,clear sky
591,Saint-Louis,SN,16.3333,-15.0,102.13,16,9,6.13,clear sky
592,Haftoni,AZ,38.7632,48.7622,67.71,100,5,2.3,clear sky
593,Rosarito,MX,32.3333,-117.0333,80.64,67,18,7.85,few clouds
594,Lavrentiya,RU,65.5833,-171.0,42.57,75,39,3.09,scattered clouds
595,Chajul,GT,15.4853,-91.0342,71.64,63,100,3.42,overcast clouds
596,Wasilla,US,61.5814,-149.4394,71.47,36,0,5.75,clear sky
597,Ofunato,JP,39.0717,141.7167,54.45,88,30,1.54,scattered clouds
598,Wuning,CN,29.2589,120.2311,69.19,95,97,2.04,overcast clouds
599,Gornopravdinsk,RU,60.05,69.9,40.57,68,68,4.41,broken clouds
600,Koungou,YT,-12.7336,45.2042,78.51,69,20,12.66,few clouds
601,Kupang,ID,-10.1667,123.5833,76.84,87,18,5.66,few clouds
602,Karratha,AU,-20.7377,116.8463,62.98,74,79,9.89,broken clouds
603,Palmas De Monte Alto,BR,-14.2672,-43.1619,84.54,27,0,9.91,clear sky
604,Labrea,BR,-7.2586,-64.7981,89.87,50,26,0.87,heavy intensity rain
605,Icatu,BR,-2.7758,-44.0658,88.23,82,57,7.25,broken clouds
606,Zyryanka,RU,65.75,150.85,59.76,54,99,15.88,overcast clouds
607,Port-Cartier,CA,50.0334,-66.8654,68.22,45,7,0.58,clear sky
608,San Joaquin,US,37.9333,-121.3011,91.96,18,0,3.44,clear sky
609,Quelimane,MZ,-17.8786,36.8883,68.92,78,100,8.21,light rain
610,Turukhansk,RU,65.8167,87.9833,33.64,95,83,7.78,broken clouds
611,Wukari,NG,7.85,9.7833,82.33,66,58,6.51,broken clouds
612,Dong Hoi,VN,17.4833,106.6,81.66,78,100,5.48,overcast clouds
613,Christchurch,NZ,-43.5333,172.6333,55.6,61,93,3.44,overcast clouds
614,La Ronge,CA,55.1001,-105.2842,61.02,26,100,20.71,overcast clouds
615,Simbahan,PH,6.3032,120.5836,82.83,75,92,10.31,overcast clouds
616,Fairview,US,40.8126,-73.999,70.5,74,100,11.5,overcast clouds
617,Nevers,FR,46.9167,3.3333,58.71,68,48,5.48,scattered clouds
618,Nouadhibou,MR,20.931,-17.0347,71.58,78,28,19.57,scattered clouds
619,Ponnampet,IN,12.15,75.9333,67.35,97,100,3.42,overcast clouds
620,Klamath Falls,US,42.2249,-121.7817,74.48,28,0,5.75,clear sky
621,Cabra,ES,37.4725,-4.4421,69.78,54,2,8.72,clear sky
622,Atar,MR,20.5169,-13.0499,101.21,14,86,7.27,overcast clouds
623,Vestmanna,FO,62.1564,-7.1664,45.52,76,41,19.57,scattered clouds
624,Pimentel,PE,-6.8367,-79.9342,70.09,56,20,28.77,dust
625,Trogir,HR,43.5125,16.2517,77.05,47,0,9.22,clear sky
626,Ndele,CF,8.4109,20.6473,74.86,70,62,5.14,broken clouds
627,Meulaboh,ID,4.1363,96.1285,75.96,91,100,8.79,moderate rain
628,Nemuro,JP,43.3236,145.575,44.85,98,100,11.41,moderate rain
629,Erzurum,TR,40.0,41.5,51.48,73,62,2.57,broken clouds
630,Alenquer,BR,-1.9417,-54.7383,81.16,86,99,3.18,overcast clouds
631,Atasu,KZ,48.6814,71.6433,51.89,61,2,6.33,clear sky
632,Nongstoin,IN,25.5167,91.2667,64.31,98,34,4.07,scattered clouds
633,Yaan,NG,7.3833,8.5667,78.84,72,46,4.54,light rain
634,Epinal,FR,48.1833,6.45,61.56,81,99,3.56,overcast clouds
635,Stromness,GB,58.965,-3.296,49.96,87,62,10.0,broken clouds
636,Krasnaya Gora,RU,52.9995,31.6023,60.28,94,35,6.67,scattered clouds
637,Saint-Junien,FR,45.8833,0.9,70.38,63,86,5.44,overcast clouds
638,Celestun,MX,20.8667,-90.4,79.95,80,100,10.04,moderate rain
639,Maniitsoq,GL,65.4167,-52.9,39.78,69,6,8.14,clear sky
640,Vallenar,CL,-28.5708,-70.7581,60.12,53,98,9.69,overcast clouds
641,Nakhon Sawan,TH,15.7,100.0833,83.14,69,94,5.75,overcast clouds
642,Necochea,AR,-38.5473,-58.7368,46.99,82,100,8.77,overcast clouds
643,Kyzyl-Suu,KG,42.3414,78.0056,48.42,44,0,7.96,clear sky
644,Maragogi,BR,-9.0122,-35.2225,77.83,85,22,5.57,few clouds
645,Baijiantan,CN,45.6333,85.1833,68.13,44,100,7.94,overcast clouds
646,Rivera,UY,-30.9053,-55.5508,48.42,68,50,9.15,scattered clouds
647,Rio De Janeiro,BR,-22.9028,-43.2075,76.53,90,20,12.66,light rain
648,Sept-Iles,CA,50.2001,-66.3821,68.52,47,40,17.27,scattered clouds
649,Nhulunbuy,AU,-12.2333,136.7667,77.61,83,40,8.05,scattered clouds
650,Morant Bay,JM,17.8815,-76.4093,87.71,72,69,11.27,broken clouds
651,Natitingou,BJ,10.3042,1.3796,83.62,52,100,4.36,overcast clouds
652,Mitchell,US,43.7094,-98.0298,67.98,33,0,6.91,clear sky
653,Srednekolymsk,RU,67.45,153.6833,62.28,47,100,10.27,overcast clouds
654,Axim,GH,4.8699,-2.2405,79.29,83,99,6.46,overcast clouds
655,Medina Del Campo,ES,41.3124,-4.9141,65.8,60,25,7.47,scattered clouds
656,Kpandae,GH,8.4689,-0.0113,77.58,81,98,11.25,light rain
657,Ola,RU,59.5833,151.2833,43.14,82,100,1.48,overcast clouds
658,Ascension,US,30.2169,-90.9001,94.03,56,40,5.75,scattered clouds
659,Ahuimanu,US,21.4447,-157.8378,83.91,68,100,14.97,overcast clouds
660,Seoul,KR,37.5683,126.9778,63.97,74,40,2.3,scattered clouds
661,Wanning,CN,18.8003,110.3967,80.58,90,92,9.62,overcast clouds
662,Iquitos,PE,-3.7481,-73.2472,77.04,88,75,8.05,broken clouds
663,Krasnovishersk,RU,60.4078,57.082,51.78,77,9,2.62,clear sky
664,Itarema,BR,-2.9248,-39.9167,80.2,81,64,11.81,broken clouds
665,Coaticook,CA,45.1334,-71.7991,61.36,88,100,4.81,overcast clouds
666,Raymondville,US,26.4815,-97.7831,93.31,47,95,15.82,overcast clouds
667,Gumdag,TM,39.2061,54.5906,85.64,17,0,4.43,clear sky
668,Mgandu,TZ,-5.95,34.1333,64.35,65,100,11.18,overcast clouds
669,Awbari,LY,26.5921,12.7805,88.77,14,17,10.38,few clouds
670,Kirillov,RU,59.863,38.3813,54.57,95,10,4.27,clear sky
671,Xining,CN,36.6167,101.7667,59.99,52,84,3.71,broken clouds
672,Port Augusta,AU,-32.5,137.7667,51.67,56,100,3.38,light rain
673,San Carlos,VE,9.6612,-68.5827,90.9,40,100,4.5,overcast clouds
674,Sarany,RU,58.5,58.8833,49.35,75,14,3.53,few clouds
675,San Juan,AR,-31.5375,-68.5364,54.41,33,1,9.75,clear sky
676,Kilindoni,TZ,-7.9139,39.6668,79.2,73,26,23.44,moderate rain
677,Buzmeyin,TM,38.0507,58.2056,76.73,29,0,2.3,clear sky
678,Teykovo,RU,56.858,40.5369,58.17,95,89,4.18,overcast clouds
679,Guarapari,BR,-20.6667,-40.4975,74.89,85,6,7.02,clear sky
680,Oyama,JP,36.3,139.8,70.59,79,85,3.18,overcast clouds
681,Pocone,BR,-16.2567,-56.6228,89.98,37,6,2.24,clear sky
682,Kinkala,CG,-4.3614,14.7644,73.53,66,14,2.59,few clouds
683,Dali,CN,25.7,100.1833,63.39,90,100,5.28,overcast clouds
684,Union City,US,37.5958,-122.0192,93.34,33,0,8.01,clear sky
685,Lakes Entrance,AU,-37.8811,147.981,48.96,89,30,10.2,scattered clouds
686,Ajtos,BG,42.7,27.25,67.42,82,7,1.36,clear sky
687,Chimoio,MZ,-19.1164,33.4833,55.26,88,20,3.8,few clouds
688,Cartagena,CO,10.3997,-75.5144,89.22,66,40,11.5,scattered clouds
689,Sunyani,GH,7.3399,-2.3268,77.77,74,81,3.38,broken clouds
690,Tokur,RU,53.1333,132.9,35.92,96,93,4.14,overcast clouds
691,Shimoda,JP,34.6667,138.95,61.11,81,72,1.34,light rain
